City,Lat,Lng,Max Temp,Humidity,Cloudiness,Wind Speed,Country,Date
Chichli,22.8333,78.8167,71.58,20,0,1.03,IN,1614786819
Punta Arenas,-53.15,-70.9167,57.2,54,40,6.91,CL,1614786518
Barrow,71.2906,-156.7887,-14.8,76,90,12.66,US,1614786550
Dingle,10.9995,122.6711,75.2,88,18,6.46,PH,1614786567
Busselton,-33.65,115.3333,71.01,88,100,5.01,AU,1614786407
Kaitangata,-46.2817,169.8464,52.0,80,30,9.66,NZ,1614786820
Champerico,14.3,-91.9167,84.2,61,40,6.06,GT,1614786821
Arraial do Cabo,-22.9661,-42.0278,91.4,62,40,17.27,BR,1614786821
Havelock,34.8791,-76.9013,51.01,61,90,13.8,US,1614786528
Bluff,-46.6,168.3333,53.01,80,63,15.01,NZ,1614786821
New Norfolk,-42.7826,147.0587,57.99,77,100,1.01,AU,1614786822
Tiksi,71.6872,128.8694,-19.89,88,100,8.34,RU,1614786822
Saint-Philippe,-21.3585,55.7679,78.8,83,0,21.85,RE,1614786593
Klaksvík,62.2266,-6.589,39.2,81,75,13.8,FO,1614786823
Yatou,37.15,122.3833,39.42,81,77,11.05,CN,1614786823
Būkān,36.521,46.2089,44.4,65,46,10.18,IR,1614786823
Nanortalik,60.1432,-45.2371,38.55,74,74,20.76,GL,1614786824
Fukuechō,32.6881,128.8419,51.44,59,58,7.78,JP,1614786824
Hermanus,-34.4187,19.2345,73.99,72,0,5.01,ZA,1614786531
Mataura,-46.1927,168.8643,53.01,80,36,15.99,NZ,1614786523
Avera,33.194,-82.5271,48.2,71,90,9.22,US,1614786611
Bredasdorp,-34.5322,20.0403,82.4,36,0,14.97,ZA,1614786474
Carnarvon,-24.8667,113.6333,75.2,83,0,5.75,AU,1614786507
Cape Town,-33.9258,18.4232,78.8,47,20,12.66,ZA,1614786305
Alto Araguaia,-17.3147,-53.2153,80.91,66,45,11.23,BR,1614786649
Dikson,73.5069,80.5464,-24.27,78,31,10.16,RU,1614786613
Zvishavane,-20.3267,30.0665,70.79,73,35,6.24,ZW,1614786826
Carson City,39.1638,-119.7674,34.0,54,1,1.25,US,1614786826
Ribeira Grande,38.5167,-28.7,60.8,82,75,12.66,PT,1614786571
Amapá,1.0,-52.0,82.63,75,78,4.09,BR,1614786827
Juliaca,-15.5,-70.1333,55.4,54,40,3.44,PE,1614786827
Bilibino,68.0546,166.4372,-12.24,78,100,4.9,RU,1614786828
Paramonga,-10.6667,-77.8333,78.67,62,73,9.98,PE,1614786828
Castro,-24.7911,-50.0119,74.97,72,98,2.66,BR,1614786574
Cravo Norte,6.3017,-70.2041,94.24,31,24,11.72,CO,1614786828
Leningradskiy,69.3833,178.4167,-20.97,83,4,9.71,RU,1614786661
Khatanga,71.9667,102.5,-37.62,79,0,6.17,RU,1614786468
Yellowknife,62.456,-114.3525,-5.01,77,20,6.91,CA,1614786382
Guangzhou,23.1167,113.25,64.0,72,90,4.47,CN,1614786581
Libertador General San Martín,-23.8064,-64.7876,84.99,70,73,1.99,AR,1614786830
Lenger,42.183,69.8839,41.0,87,75,4.47,KZ,1614786738
Dhārchula,29.85,80.5333,57.45,35,60,4.7,IN,1614786830
Hilo,19.7297,-155.09,66.2,88,90,8.05,US,1614786398
Kahului,20.8947,-156.47,66.99,72,1,8.05,US,1614786628
Agadez,19.75,10.25,84.24,6,0,8.95,NE,1614786831
Bubaque,11.2833,-15.8333,78.64,68,0,11.74,GW,1614786831
Jalu,29.0331,21.5482,64.67,23,0,11.3,LY,1614786831
Port Alfred,-33.5906,26.891,72.0,89,62,4.0,ZA,1614786435
Lebu,-37.6167,-73.65,64.99,63,5,17.34,CL,1614786698
Strezhevoy,60.7333,77.5889,15.8,86,90,13.42,RU,1614786832
Ushuaia,-54.8,-68.3,51.8,62,40,3.04,AR,1614786350
Honningsvåg,70.9821,25.9704,28.4,54,75,17.27,NO,1614786445
Chervone,49.9564,28.8645,35.53,83,30,6.55,UA,1614786833
Rikitea,-23.1203,-134.9692,78.48,75,14,8.59,PF,1614786471
Saldanha,-33.0117,17.9442,75.2,53,2,14.97,ZA,1614786834
Hithadhoo,-0.6,73.0833,82.71,70,2,14.18,MV,1614786537
Coyhaique,-45.5752,-72.0662,62.6,67,75,4.61,CL,1614786834
Itarema,-2.9248,-39.9167,85.23,67,90,13.69,BR,1614786537
Souillac,-20.5167,57.5167,78.8,83,20,3.44,MU,1614786835
Quatre Cocos,-20.2078,57.7625,80.01,83,20,3.44,MU,1614786519
Upernavik,72.7868,-56.1549,25.43,97,100,23.78,GL,1614786488
Clyde River,70.4692,-68.5914,-9.4,64,20,18.41,CA,1614786600
Wanning,18.8003,110.3967,71.38,92,19,4.94,CN,1614786836
Rzhaksa,52.1338,42.0264,21.69,97,75,9.57,RU,1614786836
Tasiilaq,65.6145,-37.6368,24.8,50,75,19.57,GL,1614786537
Faanui,-16.4833,-151.75,82.63,74,93,9.15,PF,1614786837
Kabarnet,0.4919,35.743,77.0,25,75,5.75,KE,1614786837
Toamasina,-18.1667,49.3833,79.81,72,17,2.55,MG,1614786837
Dudinka,69.4058,86.1778,-20.29,76,32,9.71,RU,1614786838
São José da Coroa Grande,-8.8978,-35.1478,83.7,68,17,12.1,BR,1614786651
Vaini,-21.2,-175.2,77.0,94,75,6.91,TO,1614786474
Camacha,33.0833,-16.3333,64.4,59,20,8.05,PT,1614786526
Vardø,70.3705,31.1107,28.4,69,40,24.16,NO,1614786686
Arrondissement de Bastia,42.6667,9.3333,59.0,72,0,5.75,FR,1614786839
Albany,42.6001,-73.9662,39.99,39,9,1.01,US,1614786429
Vanavara,60.34,102.2797,-32.15,83,0,1.39,RU,1614786840
Karratha,-20.7377,116.8463,80.64,65,17,8.9,AU,1614786544
Saint Anthony,45.0205,-93.218,37.4,75,1,6.91,US,1614786534
Ust-Kuyga,70.0167,135.6,-26.16,97,100,6.04,RU,1614786840
Salalah,17.0151,54.0924,78.8,73,0,4.61,OM,1614786675
Chokurdakh,70.6333,147.9167,-31.23,84,100,7.49,RU,1614786573
Avarua,-21.2078,-159.775,73.4,100,98,2.3,CK,1614786592
Ternate,0.8,127.4,80.78,79,96,8.43,ID,1614786614
Ambon City,-3.6954,128.1814,80.6,78,40,1.14,ID,1614786841
Inhambane,-23.865,35.3833,77.05,88,20,11.81,MZ,1614786547
Kapaa,22.0752,-159.319,69.01,83,90,24.16,US,1614786546
Hobart,-42.8794,147.3294,61.0,63,40,20.71,AU,1614786533
Pacific Grove,36.6177,-121.9166,48.0,71,1,1.66,US,1614786756
George Town,5.4112,100.3354,82.0,89,20,2.3,MY,1614786428
Kentau,43.5206,68.5094,35.76,62,72,1.19,KZ,1614786843
Sherlovaya Gora,50.5667,116.25,9.97,98,100,4.81,RU,1614786843
Raychikhinsk,49.7838,129.4121,8.62,96,100,8.23,RU,1614786843
San Jose,37.3394,-121.895,48.99,71,90,4.61,US,1614786736
Poli,-3.3333,36.8,91.4,34,20,17.27,TZ,1614786844
Ol'ga,43.7444,135.2892,29.73,98,100,13.8,RU,1614786844
Puerto Ayora,-0.7393,-90.3518,82.99,74,20,4.61,EC,1614786550
Hong Kong,22.2855,114.1577,66.0,84,87,12.71,HK,1614786452
Muisne,0.6,-80.0333,82.47,68,26,2.86,EC,1614786845
Ryabovo,59.4,31.1333,35.6,80,90,11.18,RU,1614786845
Tilichiki,60.4667,166.1,28.31,100,100,13.56,RU,1614786625
Southbridge,42.0751,-72.0334,41.0,31,26,4.0,US,1614786846
Jamestown,42.097,-79.2353,39.99,69,90,12.33,US,1614786465
Bethel,41.3712,-73.414,42.01,28,1,11.5,US,1614786846
Peravurani,10.3,79.1833,75.45,69,0,8.61,IN,1614786847
Kavieng,-2.5744,150.7967,82.99,73,98,11.92,PG,1614786585
Mar del Plata,-38.0023,-57.5575,82.99,83,40,14.97,AR,1614786542
Atuona,-9.8,-139.0333,78.82,75,1,13.85,PF,1614786477
Vila Velha,-20.3297,-40.2925,88.0,66,40,13.8,BR,1614786344
Khani,41.9563,42.9566,39.2,100,90,6.91,GE,1614786848
Yangi Marg`ilon,40.4272,71.7189,46.4,66,96,4.61,UZ,1614786474
Atar,20.5169,-13.0499,87.96,11,100,14.83,MR,1614786528
Tuatapere,-46.1333,167.6833,53.01,80,64,15.01,NZ,1614786628
Teya,60.3778,92.6267,-14.87,94,71,3.44,RU,1614786586
Tokur,53.1333,132.9,0.48,97,100,3.29,RU,1614786694
Coos Bay,43.3665,-124.2179,43.0,93,90,4.61,US,1614786551
Norrtälje,59.758,18.705,42.01,76,99,10.0,SE,1614786849
Oak Harbor,48.2932,-122.6432,42.01,81,90,5.75,US,1614786600
Conceição do Araguaia,-8.2578,-49.2647,81.88,80,75,6.76,BR,1614786850
San Mateo del Mar,16.2,-95.0,79.3,63,0,29.24,MX,1614786850
Izberbash,42.5696,47.8645,41.0,81,57,4.47,RU,1614786850
Qaanaaq,77.484,-69.3632,18.7,88,95,19.1,GL,1614786544
Grand Gaube,-20.0064,57.6608,80.01,74,1,3.0,MU,1614786521
Peniche,39.3558,-9.3811,69.01,62,22,4.0,PT,1614786657
Zhangjiakou,40.81,114.8794,37.58,74,0,3.89,CN,1614786851
San Andrés,12.5847,-81.7006,84.2,65,40,12.66,CO,1614786801
Nyimba,-14.5566,30.8149,73.51,90,33,3.44,ZM,1614786852
Mehamn,71.0357,27.8492,28.4,64,40,21.85,NO,1614786620
Panshi,42.9422,126.0561,31.68,92,10,15.05,CN,1614786853
Kiryat Gat,31.61,34.7642,59.0,47,33,5.1,IL,1614786540
Lagoa,39.05,-27.9833,58.69,78,14,17.85,PT,1614786522
Tocopilla,-22.092,-70.1979,74.28,63,34,3.69,CL,1614786532
Saskylakh,71.9167,114.0833,-42.05,80,51,2.26,RU,1614786567
Halden,59.1226,11.3871,36.0,95,2,2.37,NO,1614786854
Eureka,40.8021,-124.1637,42.01,100,90,2.28,US,1614786854
Filingué,14.3521,3.3168,101.21,7,0,13.78,NE,1614786854
Thompson,55.7435,-97.8558,5.0,78,75,4.61,CA,1614786305
Talnakh,69.4865,88.3972,-24.18,73,3,9.48,RU,1614786605
Port Hardy,50.6996,-127.4199,42.8,87,90,24.16,CA,1614786306
Bambous Virieux,-20.3428,57.7575,80.01,83,20,3.44,MU,1614786495
Vila Franca do Campo,37.7167,-25.4333,59.0,82,40,14.97,PT,1614786558
Vermillion,42.7794,-96.9292,46.99,75,1,2.33,US,1614786760
Tuktoyaktuk,69.4541,-133.0374,-29.2,75,20,2.3,CA,1614786536
Voh,-20.9667,164.7,74.53,81,94,4.56,NC,1614786856
Svetlaya,46.5389,138.3297,19.98,78,100,12.24,RU,1614786856
Inhumas,-16.3578,-49.4961,84.2,51,40,9.22,BR,1614786824
Shache,38.4167,77.2406,44.55,53,59,2.35,CN,1614786608
Moberly,39.4184,-92.4382,53.01,37,1,10.36,US,1614786857
Severo-Kuril'sk,50.6789,156.125,13.62,92,98,37.85,RU,1614786527
Kumul,42.8,93.45,39.79,43,10,6.24,CN,1614786565
Sidi Ali,36.0998,0.4206,57.34,82,100,15.5,DZ,1614786858
Esperance,-33.8667,121.9,66.2,77,75,12.66,AU,1614786634
Kulebaki,55.4133,42.5325,26.89,90,99,7.38,RU,1614786666
Longyearbyen,78.2186,15.6401,10.4,61,20,5.75,SJ,1614786301
Kismayo,-0.3582,42.5454,79.16,77,100,14.18,SO,1614786859
Poso,-1.3959,120.7524,78.01,78,100,6.51,ID,1614786860
Novy Urengoy,66.0833,76.6333,2.26,93,100,20.33,RU,1614786860
Duluth,46.7833,-92.1066,35.01,69,1,4.61,US,1614786860
Lüderitz,-26.6481,15.1594,76.75,55,0,18.7,NA,1614786533
Yelovo,57.0538,54.9207,25.32,97,99,9.24,RU,1614786861
Pangnirtung,66.1451,-65.7125,-9.4,84,40,4.61,CA,1614786582
Kīhei,20.785,-156.4656,66.99,72,1,8.05,US,1614786861
Hohhot,40.8106,111.6522,26.6,68,0,4.47,CN,1614786861
Novoagansk,61.9449,76.6625,12.79,96,100,14.56,RU,1614786862
Lorengau,-2.0226,147.2712,82.74,76,100,14.52,PG,1614786686
Iqaluit,63.7506,-68.5145,-18.4,69,75,33.38,CA,1614786486
Belmonte,-15.8631,-38.8828,84.2,65,20,9.22,BR,1614786529
Yerbogachën,61.2767,108.0108,-35.43,82,18,2.08,RU,1614786862
Port Elizabeth,-33.918,25.5701,73.4,78,40,19.57,ZA,1614786581
Nakamura,32.9833,132.9333,41.04,83,13,3.51,JP,1614786863
Prince Rupert,54.3161,-130.3201,39.2,87,90,6.91,CA,1614786741
Isangel,-19.55,169.2667,78.8,100,90,5.75,VU,1614786864
Goshen,41.5823,-85.8344,43.0,65,1,8.05,US,1614786741
Narsaq,60.9167,-46.05,44.6,31,75,49.48,GL,1614786864
Touros,-5.1989,-35.4608,87.8,58,40,16.11,BR,1614786554
Chapais,49.7834,-74.8492,-5.8,65,1,8.05,CA,1614786865
Asaba,6.2006,6.7338,102.87,21,72,3.38,NG,1614786865
Vestmannaeyjar,63.4427,-20.2734,37.4,87,90,32.21,IS,1614786865
Port-Gentil,-0.7193,8.7815,86.0,79,40,11.5,GA,1614786576
Hobyo,5.3505,48.5268,79.81,75,1,17.92,SO,1614786680
Mahébourg,-20.4081,57.7,78.8,83,20,3.44,MU,1614786386
Asău,46.4333,26.4,50.0,53,0,3.44,RO,1614786540
Shingū,33.7333,135.9833,48.16,72,92,3.94,JP,1614786866
Cardston,49.2,-113.3019,37.4,55,99,1.14,CA,1614786621
Ilulissat,69.2167,-51.1,33.8,47,75,16.11,GL,1614786682
Santa Rosalía,27.3167,-112.2833,66.51,27,97,1.74,MX,1614786868
Saint-Pierre,-21.3393,55.4781,78.8,83,0,21.85,RE,1614786870
Aubenas,44.6201,4.3899,55.0,57,99,3.71,FR,1614786819
Yumen,40.2833,97.2,38.28,55,37,8.34,CN,1614786645
Cabo San Lucas,22.8909,-109.9124,68.0,32,75,3.44,MX,1614786866
Dunedin,-45.8742,170.5036,55.99,80,51,8.99,NZ,1614786680
Morondava,-20.2833,44.2833,82.94,74,36,6.8,MG,1614786871
Butaritari,3.0707,172.7902,81.19,82,3,16.44,KI,1614786872
Awjilah,29.1081,21.2869,64.92,27,0,11.25,LY,1614786699
Mahabalipuram,12.6264,80.1722,80.6,65,0,4.61,IN,1614786603
Xingcheng,40.6167,120.7167,36.19,83,0,14.58,CN,1614786873
Bac Lieu,9.285,105.7244,78.93,79,35,16.26,VN,1614786665
Iracoubo,5.4802,-53.2011,79.68,79,99,13.4,GF,1614786873
Angoche,-16.2325,39.9086,79.65,87,94,5.91,MZ,1614786874
Cidreira,-30.1811,-50.2056,83.37,63,92,6.44,BR,1614786485
Ojinaga,29.5667,-104.4167,54.0,37,1,2.1,MX,1614786874
Cherskiy,68.75,161.3,-22.18,85,63,6.62,RU,1614786517
Georgiyevka,43.0369,74.7114,32.0,100,90,4.47,KZ,1614786875
Turinsk,58.0458,63.696,24.37,95,100,7.36,RU,1614786875
Sucúa,-2.4667,-78.1667,71.6,88,75,4.61,EC,1614786876
Sangar,63.9242,127.4739,-23.93,86,100,6.8,RU,1614786876
La Ciotat,43.1748,5.6045,57.99,59,95,2.8,FR,1614786876
Andapa,-14.65,49.65,72.05,98,79,1.41,MG,1614786876
Najrān,17.4924,44.1277,86.0,14,0,13.8,SA,1614786877
Songea,-10.6833,35.65,75.2,83,75,3.09,TZ,1614786877
Kuvshinovo,57.0295,34.1725,31.3,97,100,11.52,RU,1614786877
Kingsburg,36.5138,-119.554,44.6,61,1,4.61,US,1614786688
North Bend,43.4065,-124.2243,43.0,93,90,4.61,US,1614786369
Beyneu,45.3167,55.2,40.57,72,74,13.15,KZ,1614786878
Nemuro,43.3236,145.575,19.8,64,0,5.84,JP,1614786878
Saint-Augustin,51.226,-58.6502,22.91,93,100,15.26,CA,1614786878
Dingcheng,32.1272,115.0394,47.5,78,100,7.31,CN,1614786879
Ostrovnoy,68.0531,39.5131,18.18,95,100,7.36,RU,1614786879
Panama City,8.9936,-79.5197,87.01,58,20,10.36,PA,1614786753
Kandrian,-6.2167,149.55,81.21,77,100,19.37,PG,1614786880
Togur,58.3631,82.8265,9.45,95,100,11.45,RU,1614786880
Kavaratti,10.5669,72.642,82.71,69,0,6.42,IN,1614786596
Adrar,20.5022,-10.0711,85.24,12,99,11.3,MR,1614786580
Katangli,51.7102,143.2326,-0.51,90,40,5.86,RU,1614786881
Sitka,57.0531,-135.33,35.6,87,90,3.44,US,1614786388
Vyazemskiy,47.5378,134.7525,19.22,96,100,6.35,RU,1614786881
Tynset,62.2759,10.7824,28.4,74,90,18.41,NO,1614786882
Meadow Lake,34.8014,-106.5436,45.0,35,1,4.85,US,1614786882
Alenquer,-1.9417,-54.7383,75.2,94,75,2.3,BR,1614786882
St. George's,12.0564,-61.7485,86.0,54,20,19.57,GD,1614786882
Baykit,61.67,96.37,-28.79,79,19,2.17,RU,1614786883
Lavrentiya,65.5833,-171.0,-17.63,83,0,5.26,RU,1614786635
Hasaki,35.7333,140.8333,37.4,75,40,3.44,JP,1614786536
Sambava,-14.2667,50.1667,79.72,80,15,4.27,MG,1614786683
Padina,45.1181,20.7272,60.8,27,0,1.52,RS,1614786884
Kushiro,42.975,144.3747,18.93,78,60,1.97,JP,1614786884
Nahrin,36.0649,69.1334,49.19,54,25,0.83,AF,1614786884
Miyako,39.6367,141.9525,32.16,95,92,4.03,JP,1614786884
Łapy,52.9911,22.8842,37.0,77,2,7.67,PL,1614786863
Tombouctou,20.0,-3.0,89.56,11,0,8.95,ML,1614786885
Durango,24.8333,-104.8333,64.74,26,67,0.87,MX,1614786712
Chumikan,54.7183,135.315,-1.8,93,100,1.05,RU,1614786886
Berlevåg,70.8578,29.0864,28.4,64,40,21.85,NO,1614786542
Odienné,9.51,-7.5692,102.0,18,9,3.58,CI,1614786886
Ivanava,52.1451,25.5365,36.23,72,0,5.75,BY,1614786886
Buenos Aires,-34.6132,-58.3772,84.99,69,40,11.5,AR,1614786591
Nikolskoye,59.7035,30.7861,36.0,80,90,11.18,RU,1614786476
Dumas,35.8656,-101.9732,52.0,23,1,6.91,US,1614786887
Mango,27.9797,-82.3065,69.01,83,90,10.36,US,1614786887
Montepuez,-13.1256,38.9997,74.26,96,100,3.65,MZ,1614786888
Pevek,69.7008,170.3133,-21.15,85,28,1.95,RU,1614786520
Farafangana,-22.8167,47.8333,79.03,79,32,6.15,MG,1614786888
Hofn,64.2539,-15.2082,32.0,74,90,9.22,IS,1614786888
Fort-Shevchenko,44.5086,50.263,36.91,81,100,15.23,KZ,1614786889
East London,-33.0153,27.9116,68.0,94,90,12.66,ZA,1614786474
Luga,58.7372,29.8453,35.87,84,96,10.6,RU,1614786889
Hamilton,39.1834,-84.5333,50.0,51,0,1.01,US,1614786629
Thunder Bay,48.4001,-89.3168,24.01,74,90,6.91,CA,1614786828
Aklavik,68.2191,-135.0107,-23.8,76,100,4.61,CA,1614786654
Alice Springs,-23.7,133.8833,87.01,26,0,5.75,AU,1614786570
Charter Township of Clinton,42.587,-82.9199,45.0,65,1,10.36,US,1614786890
Nouadhibou,20.931,-17.0347,80.6,28,0,20.71,MR,1614786526
Codrington,-38.2667,141.9667,57.47,70,96,8.03,AU,1614786613
Dakar,14.6937,-17.4441,77.0,47,0,11.5,SN,1614786891
Gboko,7.3179,8.9951,102.56,8,96,10.87,NG,1614786892
Teguise,29.0605,-13.564,71.6,53,20,17.27,ES,1614786892
Dzhebariki-Khaya,62.2167,135.8,-19.84,86,100,1.52,RU,1614786892
Ambanja,-13.6833,48.45,84.2,89,40,4.61,MG,1614786893
Encruzilhada do Sul,-30.5439,-52.5219,80.24,70,100,4.23,BR,1614786893
Fairbanks,64.8378,-147.7164,0.0,78,90,2.46,US,1614786558
Bonnyville,54.2668,-110.735,14.0,85,75,3.44,CA,1614786894
Ambovombe,-25.1667,46.0833,77.09,84,90,14.34,MG,1614786618
Ortigueira,-24.2083,-50.9494,73.99,92,99,3.78,BR,1614786894
Alofi,-19.0595,-169.9187,75.2,94,100,5.75,NU,1614786602
Chengzhong,30.95,113.55,48.2,87,77,4.47,CN,1614786895
Padang,-0.9492,100.3543,75.2,94,40,1.14,ID,1614786616
Hillsboro,45.5229,-122.9898,37.0,1,6,0.89,US,1614786693
Omsukchan,62.5333,155.8,-17.41,86,100,6.44,RU,1614786896
Rock Sound,24.9,-76.2,76.42,78,93,16.44,BS,1614786896
Ugoofaaru,5.6667,73.0,83.26,66,100,8.84,MV,1614786896
Gizo Government Station,-8.103,156.8419,80.87,82,100,18.97,SB,1614786896
Trincomalee,8.5711,81.2335,79.83,70,0,12.55,LK,1614786606
Kutum,14.2,24.6667,77.72,15,12,12.5,SD,1614786897
Borogontsy,62.6683,131.1683,-22.99,86,100,4.0,RU,1614786897
Meulaboh,4.1363,96.1285,76.91,86,100,6.31,ID,1614786898
Galle,6.0367,80.217,78.21,73,16,14.52,LK,1614786898
Provideniya,64.3833,-173.3,-9.49,83,16,6.08,RU,1614786578
Arrondissement de Brive-la-Gaillarde,45.25,1.5,55.99,17,0,2.04,FR,1614786899
Gazli,40.1333,63.45,47.61,45,0,5.44,UZ,1614786899
Carutapera,-1.195,-46.02,80.91,87,100,8.52,BR,1614786899
Tura,25.5198,90.2201,66.25,26,0,2.35,IN,1614786531
Oneonta,42.4529,-75.0638,35.01,62,25,3.0,US,1614786899
Commerce,34.0006,-118.1598,53.6,71,90,3.44,US,1614786900
Singaparna,-7.3515,108.111,72.77,95,100,3.85,ID,1614786900
Marrakesh,31.6315,-8.0083,73.4,35,7,2.3,MA,1614786900
Kolyvan',55.3053,82.7391,10.4,79,40,11.18,RU,1614786901
Novorudnyy,51.5026,58.1873,30.2,86,100,17.9,RU,1614786901
Kousséri,12.0769,15.0306,98.6,7,100,13.8,CM,1614786901
Tank,32.2217,70.3793,68.4,24,0,4.29,PK,1614786797
Grenfell,-33.9,148.1667,56.86,75,0,4.81,AU,1614786902
Qena,26.1615,32.7183,73.4,27,0,16.11,EG,1614786902
Opuwo,-18.0607,13.84,87.51,22,0,14.81,NA,1614786649
Henties Bay,-22.116,14.2845,72.0,79,0,7.0,NA,1614786644
Nuuk,64.1835,-51.7216,41.0,45,20,24.16,GL,1614786903
Bathsheba,13.2167,-59.5167,82.4,57,40,20.71,BB,1614786527
Kaeo,-35.1,173.7833,66.0,96,75,3.0,NZ,1614786700
Thinadhoo,0.5333,72.9333,82.58,70,6,15.05,MV,1614786904
Okhotsk,59.3833,143.3,-14.69,88,46,6.13,RU,1614786904
Broome,42.2506,-75.833,37.0,51,90,11.5,US,1614786904
Goderich,43.7501,-81.7165,33.8,80,96,8.05,CA,1614786905
Palmer,42.1584,-72.3287,41.0,32,20,8.05,US,1614786905
Sioux Lookout,50.1001,-91.917,15.8,73,90,3.44,CA,1614786905
Caluquembe,-13.7833,14.6833,79.29,34,5,8.32,AO,1614786906
Vestmanna,62.1564,-7.1664,39.2,81,75,13.8,FO,1614786906
Zhigansk,66.7697,123.3711,-29.58,83,100,11.65,RU,1614786546
Nautla,20.2167,-96.7833,67.62,66,0,5.3,MX,1614786907
Yermakovskoye,53.2831,92.4003,16.84,97,100,0.89,RU,1614786907
Nampula,-15.1165,39.2666,86.0,58,75,6.91,MZ,1614786908
Chui,-33.6971,-53.4616,76.93,82,80,15.97,UY,1614786554
Barra de Tecoanapa,16.5167,-98.75,84.49,42,0,3.24,MX,1614786908
Sayyan,15.1718,44.3244,63.91,27,0,11.7,YE,1614786909
Ponta do Sol,32.6667,-17.1,66.2,55,40,18.41,PT,1614786581
College,64.8569,-147.8028,-0.4,78,90,3.44,US,1614786606
Kamenka,51.3223,42.7678,28.99,72,59,9.51,RU,1614786909
Kamaishi,39.2667,141.8833,32.63,92,81,1.9,JP,1614786910
Coquimbo,-29.9533,-71.3436,68.0,73,75,4.61,CL,1614786708
Laguna,38.421,-121.4238,45.0,75,1,6.91,US,1614786602
Río Gallegos,-51.6226,-69.2181,57.2,47,0,3.44,AR,1614786660
Maraã,-1.8333,-65.3667,78.96,91,95,3.18,BR,1614786912
Fuling,29.7022,107.3919,53.17,65,26,1.79,CN,1614786912
Ahipara,-35.1667,173.1667,65.95,95,83,6.64,NZ,1614786912
Darhan,49.4867,105.9228,12.27,95,91,7.43,MN,1614786913
Merauke,-8.4667,140.3333,79.0,83,100,12.77,ID,1614786587
Caravelas,-17.7125,-39.2481,85.84,55,69,8.84,BR,1614786618
Humaitá,-7.5061,-63.0208,82.62,70,94,1.34,BR,1614786913
Guerrero Negro,27.9769,-114.0611,61.77,41,3,3.83,MX,1614786495
El Sauzal de Rodríguez,31.9,-116.6833,57.99,66,2,8.01,MX,1614786914
Narasannapeta,18.4167,84.05,73.38,83,0,1.77,IN,1614786914
Port Macquarie,-31.4333,152.9167,64.99,97,86,1.99,AU,1614786578
Puerto Quijarro,-17.7833,-57.7667,91.69,50,80,4.09,BO,1614786915
New Iberia,30.0035,-91.8187,55.99,66,1,9.22,US,1614786915
Sechura,-5.5569,-80.8222,82.54,58,76,4.36,PE,1614786612
Saint Paul Harbor,57.79,-152.4072,30.2,69,1,24.16,US,1614786545
Starogard Gdański,53.964,18.5264,46.99,100,0,5.97,PL,1614786916
Melfi,40.9965,15.6514,62.6,31,0,3.15,IT,1614786916
Susanville,40.4163,-120.653,30.2,69,1,4.61,US,1614786916
Kitgum,3.2783,32.8867,90.55,18,98,10.8,UG,1614786916
Hambantota,6.1241,81.1185,78.8,83,0,8.05,LK,1614786524
Mathbaria,22.2876,89.9593,70.86,94,0,5.35,BD,1614786917
Fortuna,40.5982,-124.1573,45.0,100,90,2.24,US,1614786638
Krasnaya Gora,52.9995,31.6023,41.0,56,0,11.18,RU,1614786917
Grindavik,63.8424,-22.4338,39.2,100,90,26.46,IS,1614786918
Torbay,47.6666,-52.7314,27.0,86,90,20.71,CA,1614786918
Bilma,18.6853,12.9164,85.89,6,0,9.89,NE,1614786919
Katsuura,35.1333,140.3,44.6,65,40,10.36,JP,1614786440
Jequitinhonha,-16.4339,-41.0033,87.28,45,100,4.97,BR,1614786919
Makakilo City,21.3469,-158.0858,69.8,77,20,5.75,US,1614786666
Palauig,15.435,119.9045,78.4,79,0,4.14,PH,1614786920
High Prairie,55.4334,-116.4858,23.0,68,96,13.8,CA,1614786920
Nara,34.6851,135.8049,39.99,57,97,2.73,JP,1614786867
Alipur,29.3846,70.9116,75.56,12,0,7.58,PK,1614786921
Oriximiná,-1.7656,-55.8661,83.05,74,98,3.56,BR,1614786842
Bay City,43.5945,-83.8889,41.0,70,1,4.61,US,1614786921
Kalmar,56.6616,16.3616,46.4,57,0,10.36,SE,1614786921
Sam Chuk,14.7576,100.0899,82.99,71,0,3.0,TH,1614786921
Nsanje,-16.92,35.262,76.71,90,42,2.33,MW,1614786922
Pilar,-9.5972,-35.9567,86.0,62,75,5.75,BR,1614786922
Kindu,-2.95,25.95,77.76,76,100,1.7,CD,1614786922
Thai Binh,20.45,106.3333,62.6,100,75,2.3,VN,1614786923
Conde,-7.2597,-34.9075,86.0,70,75,14.97,BR,1614786923
Lagan,45.3929,47.3707,35.51,91,88,17.92,RU,1614786924
Alta Floresta,-9.8756,-56.0861,73.71,94,95,2.75,BR,1614786924
Young,-32.6833,-57.6333,88.0,59,78,5.99,UY,1614786924
Santa Rosa,14.3122,121.1114,82.4,69,20,5.75,PH,1614786925
Luena,-11.7833,19.9167,80.6,65,40,3.4,AO,1614786925
Santa Cruz de la Sierra,-17.8,-63.1667,73.4,88,90,9.22,BO,1614786431
Kingston,17.997,-76.7936,82.99,69,20,13.8,JM,1614786888
Kruisfontein,-34.0033,24.7314,73.99,70,38,7.0,ZA,1614786685
Nanzhou,29.3596,112.4024,47.62,89,47,6.85,CN,1614786926
Sisimiut,66.9395,-53.6735,29.35,85,100,5.14,GL,1614786926
Sorong,-0.8833,131.25,80.96,74,74,6.73,ID,1614786421
Afyonkarahisar,38.75,30.6667,37.27,75,0,8.88,TR,1614786464
San Quintín,30.4833,-115.95,58.8,66,0,11.27,MX,1614786674
Moerai,-22.4333,-151.3333,80.08,71,85,9.57,PF,1614786927
Mittagong,-34.45,150.45,64.0,77,100,1.99,AU,1614786793
Huilong,31.8111,121.655,50.0,91,100,10.16,CN,1614786606
Aksarka,66.5606,67.7975,5.4,95,100,7.7,RU,1614786928
Qaqortoq,60.7167,-46.0333,44.6,31,75,49.48,GL,1614786524
Roald,62.5833,6.1333,37.4,60,75,10.36,NO,1614786928
Lata,40.1629,-8.3327,72.0,45,27,6.8,PT,1614786545
Polokwane,-23.9045,29.4688,78.8,50,20,4.61,ZA,1614786929
Emerald,-23.5333,148.1667,78.8,65,8,9.22,AU,1614786619
High Level,58.5169,-117.136,-7.6,92,40,2.71,CA,1614786929
Fort Nelson,58.8053,-122.7002,1.4,85,40,5.75,CA,1614786657
Liliongan,7.3628,124.7928,71.04,78,79,6.2,PH,1614786930
Taoudenni,22.6783,-3.9836,86.02,11,100,11.48,ML,1614786930
Örnsköldsvik,63.2909,18.7153,35.6,48,0,16.11,SE,1614786803
Bengkulu,-3.8004,102.2655,77.54,81,99,4.74,ID,1614786592
Geraldton,-28.7667,114.6,69.8,88,9,4.61,AU,1614786658
Tondano,1.3038,124.9112,77.0,94,20,2.3,ID,1614786931
Tahoua,14.8888,5.2692,98.6,6,0,9.22,NE,1614786932
Kitob,39.0843,66.8332,50.0,50,8,4.61,UZ,1614786932
Atchison,39.563,-95.1216,52.0,49,0,5.84,US,1614786932
Oistins,13.0667,-59.5333,82.4,57,40,20.71,BB,1614786327
Mount Gambier,-37.8333,140.7667,57.2,67,90,10.36,AU,1614786534
Ngama,11.7833,17.1667,99.39,7,96,12.73,TD,1614786913
Cullinan,-25.6709,28.5236,81.0,38,19,4.61,ZA,1614786933
Angoram,-4.0625,144.0661,74.34,95,100,3.91,PG,1614786934
Porto Walter,-8.2686,-72.7439,79.7,90,72,3.18,BR,1614786934
Kybartai,54.6386,22.7632,40.59,78,0,9.37,LT,1614786934
Erdenet,49.0333,104.0833,16.16,87,87,4.21,MN,1614786935
Mount Isa,-20.7333,139.5,87.8,20,88,12.66,AU,1614786935
Kovdor,67.5662,30.4758,20.23,98,100,3.87,RU,1614786935
Aswān,24.0934,32.907,70.39,21,0,13.91,EG,1614786874
Bulawayo,-20.15,28.5833,69.03,62,0,5.79,ZW,1614786544
Constitución,-35.3333,-72.4167,72.09,51,19,10.42,CL,1614786936
Haines Junction,60.7522,-137.5108,-5.8,77,94,2.3,CA,1614786614
Tezu,27.9167,96.1667,69.4,36,15,5.26,IN,1614786936
Santa Cruz de La Palma,28.6835,-17.7642,69.8,56,75,5.75,ES,1614786937
Bandarbeyla,9.4942,50.8122,78.06,75,58,15.05,SO,1614786937
Anito,12.4497,125.2886,76.39,89,41,8.1,PH,1614786937
Assiut,27.181,31.1837,68.0,42,0,11.5,EG,1614786938
Gamba,-2.65,10.0,83.07,81,71,10.25,GA,1614786938
Olafsvik,64.8945,-23.7142,39.88,91,100,15.82,IS,1614786938
Bandar,2.05,99.75,73.81,84,98,2.98,ID,1614786939
Ulladulla,-35.35,150.4667,61.0,82,90,2.48,AU,1614786939
Kununurra,-15.7667,128.7333,82.4,75,100,6.91,AU,1614786623
Port Moresby,-9.4431,147.1797,73.4,94,75,5.75,PG,1614786912
Seymchan,62.8833,152.4333,-23.62,84,100,7.96,RU,1614786940
Adré,13.4667,22.2,88.25,12,54,11.65,TD,1614786940
Berezniki,59.4152,56.8124,24.01,81,100,4.59,RU,1614786941
Morón,-34.6534,-58.6198,84.99,63,89,4.0,AR,1614786613
Namatanai,-3.6667,152.4333,78.85,83,81,5.75,PG,1614786941
Yeppoon,-23.1333,150.7333,78.8,78,90,8.05,AU,1614786942
Anicuns,-16.4611,-49.9617,77.18,86,99,6.87,BR,1614786942
Beyla,8.6833,-8.6333,92.71,32,40,4.83,GN,1614786942
Marabba,12.35,32.1833,89.06,12,100,10.45,SD,1614786942
Rocha,-34.4833,-54.3333,80.76,67,41,16.31,UY,1614786943
Amazar,53.858,120.875,-6.77,88,96,3.47,RU,1614786943
Cockburn Town,21.4612,-71.1419,78.8,65,40,17.27,TC,1614786651
Margate,51.3813,1.3862,48.0,90,25,1.01,GB,1614786652
Prince Albert,53.2001,-105.7677,6.8,85,90,4.38,CA,1614786673
Bud,39.447,-86.1758,48.0,57,1,9.57,US,1614786624
Sabha,27.0377,14.4283,71.73,21,0,11.56,LY,1614786554
Cooma,-36.2333,149.1333,37.4,93,23,1.36,AU,1614786945
Pisco,-13.7,-76.2167,80.6,69,75,6.91,PE,1614786700
Cho Dok,10.7,105.1167,77.2,72,0,6.46,VN,1614786945
Mackay,-21.15,149.2,80.6,78,75,14.97,AU,1614786946
Nurota,40.5614,65.6886,48.2,43,0,2.3,UZ,1614786946
Rong Kwang,18.339,100.3174,77.27,72,51,1.25,TH,1614786947
Half Moon Bay,37.4636,-122.4286,48.99,66,1,3.8,US,1614786662
Port Augusta,-32.5,137.7667,64.99,77,40,8.05,AU,1614786947
Beloha,-25.1667,45.05,74.86,85,76,8.72,MG,1614786948
Maceió,-9.6658,-35.7353,86.0,62,75,5.75,BR,1614786948
Alekseyevskoye,55.3071,50.1135,23.0,63,40,11.18,RU,1614786948
Kashgar,39.4547,75.9797,46.4,49,75,1.52,CN,1614786949
Airai,-8.9266,125.4092,60.91,100,100,0.81,TL,1614786526
Kurya,51.6003,82.2888,10.45,92,18,12.59,RU,1614786949
Esim,4.8699,-2.2405,83.95,75,94,9.48,GH,1614786950
Muros,42.7762,-9.0603,66.0,63,12,7.0,ES,1614786950
Deputatsky,69.3,139.9,-27.9,87,100,3.27,RU,1614786950
Laas,46.6166,10.7002,54.0,56,0,0.96,IT,1614786587
Westport,41.1415,-73.3579,44.01,38,0,5.01,US,1614786951
Aasiaat,68.7098,-52.8699,24.37,92,100,11.41,GL,1614786951
Mazagão,-0.115,-51.2894,87.8,70,75,3.44,BR,1614786951
Havøysund,70.9963,24.6622,28.4,54,75,17.27,NO,1614786598
Port Lincoln,-34.7333,135.8667,58.69,83,0,16.37,AU,1614786696
Lakes Entrance,-37.8811,147.981,51.01,80,15,11.14,AU,1614786584
Bagdarin,54.4333,113.6,-10.01,84,82,4.56,RU,1614786952
Betanzos,43.2804,-8.2147,63.0,67,40,9.22,ES,1614786952
Broken Hill,-31.95,141.4333,60.8,29,0,3.44,AU,1614786953
Otavi,-19.65,17.3333,78.84,38,0,8.95,NA,1614786953
Nesna,66.1967,13.0213,33.8,86,75,17.27,NO,1614786953
Santa Fe,-31.6333,-60.7,93.0,50,77,1.99,AR,1614786869
Zhigalovo,54.8097,105.1578,-20.9,96,6,2.37,RU,1614786954
Takhtamygda,54.1,123.5667,-14.48,86,94,3.42,RU,1614786954
Kazygurt,41.7589,69.3864,50.0,66,40,2.37,KZ,1614786662
Omboué,-1.5746,9.2618,82.89,82,71,9.93,GA,1614786631
Noumea,-22.2763,166.4572,73.4,83,0,8.37,NC,1614786955
Chone,-0.6833,-80.1,84.04,71,20,3.42,EC,1614786955
Riyadh,24.6877,46.7219,77.0,18,0,10.36,SA,1614786782
Casablanca,33.5928,-7.6192,69.8,88,40,5.75,MA,1614786937
Mnogovershinnyy,53.9353,139.9242,-6.81,85,40,3.6,RU,1614786956
Olinda,-8.0089,-34.8553,82.4,65,40,11.5,BR,1614786956
Saint George,37.1041,-113.5841,35.6,30,1,5.91,US,1614786403
Sibolga,1.7427,98.7792,77.23,84,99,3.58,ID,1614786956
Sabang,5.8933,95.3214,82.51,71,53,3.62,ID,1614786957
Prado,-17.3411,-39.2208,83.14,62,50,7.36,BR,1614786714
Port Blair,11.6667,92.75,80.13,69,0,7.52,IN,1614786662
Taltal,-25.4,-70.4833,71.94,66,27,7.9,CL,1614786958
Talara,-4.5772,-81.2719,78.8,89,75,3.44,PE,1614786958
Isabela,6.7085,121.9711,77.0,83,75,1.14,PH,1614786958
Stenløse,55.7683,12.1972,42.01,96,0,6.24,DK,1614786959
Digora,43.1581,44.1569,37.4,93,90,6.71,RU,1614786920
Bahía Honda,22.9036,-83.1592,82.83,52,0,4.12,CU,1614786959
Hjelset,62.7833,7.4833,37.4,65,75,10.36,NO,1614786959
Ovalle,-30.5983,-71.2003,80.24,44,32,6.82,CL,1614786960
La Rioja,-29.4111,-66.8507,81.68,52,51,5.12,AR,1614786960
Ayan,56.45,138.1667,-11.6,71,78,5.53,RU,1614786550
Jumla,29.2747,82.1838,41.41,60,0,3.71,NP,1614786961
Sakata,38.9167,139.855,31.06,90,2,7.36,JP,1614786961
Norman Wells,65.282,-126.8329,-16.6,76,75,2.3,CA,1614786518
Mossamedes,-15.1961,12.1522,78.8,69,75,18.41,AO,1614786626
Mpika,-11.8343,31.4529,67.15,93,95,3.0,ZM,1614786962
Apastovo,55.2029,48.5109,23.0,63,40,11.18,RU,1614786962
Purificación,3.8587,-74.9313,80.37,66,97,3.58,CO,1614786963
Sembakung,3.8167,117.25,73.81,96,0,1.95,ID,1614786963
São Félix do Xingu,-6.6447,-51.995,79.12,83,99,1.41,BR,1614786963
Konya Province,38.1667,32.5,48.2,40,40,13.8,TR,1614786963
Mersing,2.4312,103.8405,80.6,83,84,6.91,MY,1614786964
Tariba,7.8188,-72.2243,80.6,61,40,4.61,VE,1614786964
Krasnosel'kup,65.7,82.4667,-2.27,93,100,22.55,RU,1614786657
Chernyshevskiy,63.0128,112.4714,-39.53,81,0,2.28,RU,1614786964
Charters Towers,-20.1,146.2667,73.98,85,100,4.68,AU,1614786965
Ngunguru,-35.6167,174.5,66.0,96,77,3.0,NZ,1614786965
Naze,28.3667,129.4833,57.99,74,59,15.08,JP,1614786735
Marawi,7.9986,124.2928,73.99,91,97,5.01,PH,1614786539
Māngrol,21.1167,70.1167,77.29,45,0,13.4,IN,1614786687
Uberlândia,-18.9186,-48.2772,78.8,57,75,16.11,BR,1614786903
Kysyl-Syr,63.8986,122.7617,-22.11,86,100,6.98,RU,1614786966
Karwar,14.8,74.1333,77.7,85,0,4.94,IN,1614786965
Saint-Joseph,-21.3667,55.6167,78.8,83,0,21.85,RE,1614786966
Baracoa,20.3467,-74.4958,83.93,55,21,2.19,CU,1614786967
Beringovskiy,63.05,179.3167,-6.27,85,100,11.05,RU,1614786599
Tselinnoye,53.0833,85.6667,11.35,95,92,8.03,RU,1614786967
Evensk,61.95,159.2333,2.77,86,100,18.79,RU,1614786967
Benguela,-12.5763,13.4055,80.76,71,43,9.82,AO,1614786968
Puerto Baquerizo Moreno,-0.9,-89.6,84.2,84,40,4.61,EC,1614786663
Sandwick,60.0,-1.25,44.6,76,75,10.36,GB,1614786968
Okara,30.8081,73.4458,70.07,22,0,4.74,PK,1614786969
Lumeje,-11.55,20.7833,78.21,63,97,3.06,AO,1614786969
Verkhnyaya Sinyachikha,57.976,61.6673,23.58,97,98,6.29,RU,1614786969
Salta,-24.7859,-65.4117,68.0,88,90,2.3,AR,1614786524
Partizanskoye,55.5006,94.39,-8.79,90,100,2.46,RU,1614786969
Carstairs,51.5668,-114.102,26.6,63,0,9.22,CA,1614786970
Lázaro Cárdenas,17.9583,-102.2,83.16,44,0,1.72,MX,1614786970
Mezhova,48.2532,36.7347,33.4,88,35,7.94,UA,1614786970
Athabasca,54.7169,-113.2854,17.6,100,48,3.44,CA,1614786970
Shestakovo,56.4915,103.96,-23.58,84,61,2.15,RU,1614786971
Arinos,-15.9169,-46.1056,83.14,58,93,5.46,BR,1614786971
Yaan,7.3833,8.5667,103.1,8,88,9.51,NG,1614786972
Te Anau,-45.4167,167.7167,46.35,80,22,3.8,NZ,1614786972
Sefophe,-22.1833,27.9667,80.6,57,20,2.59,BW,1614786972
Oktyabr'skoye,43.0645,44.7417,33.8,93,90,6.71,RU,1614786973
Burns Lake,54.2331,-125.7533,28.4,80,100,3.44,CA,1614786973
Pemangkat,1.1667,108.9667,78.66,88,51,9.84,ID,1614786973
Terrace,54.5163,-128.6035,32.0,100,90,4.61,CA,1614786974
Abhā,18.2164,42.5053,68.0,59,20,11.5,SA,1614786649
Yamada,39.4667,141.95,32.11,95,86,3.04,JP,1614786678
Januária,-15.4833,-44.3667,83.17,55,99,5.84,BR,1614786974
Lompoc,34.6391,-120.4579,45.0,87,20,6.91,US,1614786571
Saint-Louis,16.3333,-15.0,100.4,16,0,2.3,SN,1614786975
Volkach,49.8667,10.2333,52.0,71,34,4.12,DE,1614786975
Yashkul',46.1711,45.3435,35.78,83,96,11.97,RU,1614786976
Kawalu,-7.3817,108.2082,73.29,95,100,4.14,ID,1614786976
Santa Vitória do Palmar,-33.5189,-53.3681,76.93,83,74,15.5,BR,1614786976
Dubrovka,53.6907,33.5071,37.4,60,40,11.18,RU,1614786976
La Ronge,55.1001,-105.2842,14.0,92,48,4.61,CA,1614786646
Yeniseysk,58.4497,92.1703,-6.5,88,96,8.46,RU,1614786977
Skeldon,5.8833,-57.1333,81.73,82,54,3.31,GY,1614786977
Itháki,38.3642,20.7185,64.4,42,0,8.05,GR,1614786977
Jacareacanga,-6.2222,-57.7528,73.83,96,100,2.39,BR,1614786615
Ciudad Bolivar,8.1222,-63.5497,88.59,43,37,10.58,VE,1614786978
